{"cameraMode":{"drawMode":0,"name":"Shaded","section":"Shading Mode"},"sceneLighting":false,"audioPlay":false,"sceneViewState":{"showFog":true,"showMaterialUpdate":false,"showSkybox":false,"showFlares":true,"showImageEffects":true,"showParticleSystems":true},"in2DMode":false,"pivot":{"x":-62.05308532714844,"y":-8.36383056640625,"z":294.4487609863281},"rotation":{"x":-0.18295523524284364,"y":-0.81621253490448,"z":0.40533605217933657,"w":-0.36906898021698},"size":3.095942974090576,"orthographic":false}