{"cameraMode":{"drawMode":0,"name":"Shaded","section":"Shading Mode"},"sceneLighting":false,"audioPlay":false,"sceneViewState":{"showFog":true,"showMaterialUpdate":false,"showSkybox":false,"showFlares":true,"showImageEffects":true,"showParticleSystems":true},"in2DMode":false,"pivot":{"x":0.002243518829345703,"y":0.3385781943798065,"z":-3.8212528228759767},"rotation":{"x":0.5544587969779968,"y":-0.215677410364151,"z":0.151459738612175,"w":0.7894099354743958},"size":4.015815258026123,"orthographic":false}