{"cameraMode":{"drawMode":0,"name":"Shaded","section":"Shading Mode"},"sceneLighting":true,"audioPlay":false,"sceneViewState":{"showFog":true,"showMaterialUpdate":false,"showSkybox":true,"showFlares":true,"showImageEffects":true,"showParticleSystems":true},"in2DMode":false,"pivot":{"x":-99.79464721679688,"y":59.10331344604492,"z":175.84579467773438},"rotation":{"x":0.028802713379263879,"y":0.018529534339904786,"z":-0.0005842173122800887,"w":0.9995384812355042},"size":83.46568298339844,"orthographic":false}