{"cameraMode":{"drawMode":0,"name":"Shaded","section":"Shading Mode"},"sceneLighting":false,"audioPlay":false,"sceneViewState":{"showFog":true,"showMaterialUpdate":false,"showSkybox":false,"showFlares":true,"showImageEffects":true,"showParticleSystems":true},"in2DMode":false,"pivot":{"x":0.510880708694458,"y":-1.1941026449203492,"z":-0.1902555227279663},"rotation":{"x":-0.05547824874520302,"y":-0.9439994096755981,"z":0.24342110753059388,"w":-0.21614712476730348},"size":1.6077816486358643,"orthographic":false}