{"cameraMode":{"drawMode":0,"name":"Shaded","section":"Shading Mode"},"sceneLighting":false,"audioPlay":false,"sceneViewState":{"showFog":true,"showMaterialUpdate":false,"showSkybox":false,"showFlares":true,"showImageEffects":true,"showParticleSystems":true},"in2DMode":false,"pivot":{"x":-56.04624938964844,"y":-7.4557271003723148,"z":81.28875732421875},"rotation":{"x":0.5544587969779968,"y":-0.215677410364151,"z":0.151459738612175,"w":0.7894099354743958},"size":3.967318534851074,"orthographic":false}