{"cameraMode":{"drawMode":0,"name":"Shaded","section":"Shading Mode"},"sceneLighting":false,"audioPlay":false,"sceneViewState":{"showFog":true,"showMaterialUpdate":false,"showSkybox":false,"showFlares":true,"showImageEffects":true,"showParticleSystems":true},"in2DMode":false,"pivot":{"x":-56.90625,"y":-9.202683448791504,"z":313.5987548828125},"rotation":{"x":0.45402583479881289,"y":-0.011762709356844426,"z":0.005967861041426659,"w":0.8909190893173218},"size":4.8541789054870609,"orthographic":false}