{"cameraMode":{"drawMode":0,"name":"Shaded","section":"Shading Mode"},"sceneLighting":true,"audioPlay":false,"sceneViewState":{"showFog":true,"showMaterialUpdate":false,"showSkybox":true,"showFlares":true,"showImageEffects":true,"showParticleSystems":true},"in2DMode":false,"pivot":{"x":0.3685007095336914,"y":3.4677481651306154,"z":17.970962524414064},"rotation":{"x":0.13031265139579774,"y":-0.63542240858078,"z":0.1099124401807785,"w":0.753136932849884},"size":14.091985702514649,"orthographic":false}