{"cameraMode":{"drawMode":0,"name":"Shaded","section":"Shading Mode"},"sceneLighting":false,"audioPlay":false,"sceneViewState":{"showFog":true,"showMaterialUpdate":false,"showSkybox":false,"showFlares":true,"showImageEffects":true,"showParticleSystems":true},"in2DMode":false,"pivot":{"x":5.843837261199951,"y":6.162724018096924,"z":-16.17119598388672},"rotation":{"x":0.13031265139579774,"y":-0.63542240858078,"z":0.1099124401807785,"w":0.753136932849884},"size":15.547151565551758,"orthographic":false}