{"cameraMode":{"drawMode":0,"name":"Shaded","section":"Shading Mode"},"sceneLighting":false,"audioPlay":false,"sceneViewState":{"showFog":true,"showMaterialUpdate":false,"showSkybox":false,"showFlares":true,"showImageEffects":true,"showParticleSystems":true},"in2DMode":false,"pivot":{"x":11.493499755859375,"y":4.773309707641602,"z":19.831478118896486},"rotation":{"x":-0.2666447162628174,"y":-0.6233912110328674,"z":0.23914673924446107,"w":-0.6950663328170776},"size":6.58560848236084,"orthographic":false}