{"cameraMode":{"drawMode":0,"name":"Shaded","section":"Shading Mode"},"sceneLighting":true,"audioPlay":false,"sceneViewState":{"showFog":true,"showMaterialUpdate":false,"showSkybox":true,"showFlares":true,"showImageEffects":true,"showParticleSystems":true},"in2DMode":false,"pivot":{"x":2.55657958984375,"y":266.716552734375,"z":-431.3284606933594},"rotation":{"x":0.374799907207489,"y":0.597599983215332,"z":-0.37077176570892336,"w":0.6040925979614258},"size":157.9596710205078,"orthographic":false}